{"inputUnits":[34],"outputUnits":4,"inputs":{"0":{"dtype":"number","min":184.15529718658803,"max":333.6928442572805},"1":{"dtype":"number","min":68.14434363220454,"max":175.08501342298456},"2":{"dtype":"number","min":196.32594067762798,"max":337.82671620409775},"3":{"dtype":"number","min":56.80981231570709,"max":167.93916991712518},"4":{"dtype":"number","min":177.786442500608,"max":318.35368664812023},"5":{"dtype":"number","min":60.06438852748056,"max":168.32253066482247},"6":{"dtype":"number","min":209.78529993198262,"max":359.3656967400577},"7":{"dtype":"number","min":50.84162136923942,"max":171.0531865576362},"8":{"dtype":"number","min":162.65351529251276,"max":300.45541013725074},"9":{"dtype":"number","min":55.368908833900775,"max":168.17896030292437},"10":{"dtype":"number","min":222.97048724578977,"max":378.03277635388804},"11":{"dtype":"number","min":89.83040063761553,"max":202.631153151219},"12":{"dtype":"number","min":129.43654576164275,"max":347.6696551727414},"13":{"dtype":"number","min":85.27632182674185,"max":206.57468150098038},"14":{"dtype":"number","min":230.20871232919657,"max":454.7770673106153},"15":{"dtype":"number","min":61.30942140571801,"max":280.94641199371694},"16":{"dtype":"number","min":100.83227966546085,"max":376.5442630752979},"17":{"dtype":"number","min":35.46058506353356,"max":274.931615391594},"18":{"dtype":"number","min":216.2915810907861,"max":463.4775694613327},"19":{"dtype":"number","min":17.54304640951787,"max":316.47583156244303},"20":{"dtype":"number","min":105.09164298090954,"max":370.6194486506718},"21":{"dtype":"number","min":24.993040329751338,"max":323.73531534514075},"22":{"dtype":"number","min":196.0641149973591,"max":392.2322824678532},"23":{"dtype":"number","min":294.29799833186405,"max":353.16310006820737},"24":{"dtype":"number","min":130.29905326635458,"max":367.9505617609284},"25":{"dtype":"number","min":295.81720849419384,"max":354.62684334484055},"26":{"dtype":"number","min":207.204167109983,"max":388.7699563586758},"27":{"dtype":"number","min":410.7089399642054,"max":487.1666399885245},"28":{"dtype":"number","min":126.2605772500836,"max":351.36741964733557},"29":{"dtype":"number","min":406.328119062728,"max":478.9043892589525},"30":{"dtype":"number","min":218.70526146795964,"max":387.99253352421266},"31":{"dtype":"number","min":477.4841162388427,"max":568.771561797027},"32":{"dtype":"number","min":136.8881451202274,"max":354.56750001424945},"33":{"dtype":"number","min":481.67541592965335,"max":556.3050117195812}},"outputs":{"0":{"dtype":"string","min":0,"max":1,"uniqueValues":["y","m","c","a"],"legend":{"y":[1,0,0,0],"m":[0,1,0,0],"c":[0,0,1,0],"a":[0,0,0,1]}}},"isNormalized":true}