{"inputUnits":[34],"outputUnits":2,"inputs":{"0":{"dtype":"number","min":339.31261589554964,"max":445.7128924061816},"1":{"dtype":"number","min":60.9293683122568,"max":111.15022355016566},"2":{"dtype":"number","min":350.6455423674231,"max":456.49451942295417},"3":{"dtype":"number","min":49.083330918842705,"max":109.8959077471425},"4":{"dtype":"number","min":326.28471344825357,"max":435.5957711067645},"5":{"dtype":"number","min":51.42594630616185,"max":115.90564297330982},"6":{"dtype":"number","min":369.3880145002432,"max":465.42914720824723},"7":{"dtype":"number","min":59.00420786341806,"max":117.16972143269697},"8":{"dtype":"number","min":309.7517288148635,"max":416.1290245204584},"9":{"dtype":"number","min":60.008023629392625,"max":115.78676246019654},"10":{"dtype":"number","min":378.7046131178563,"max":474.9823674895884},"11":{"dtype":"number","min":135.5775896955557,"max":179.66483387037937},"12":{"dtype":"number","min":282.8772895902047,"max":399.06095155946014},"13":{"dtype":"number","min":138.70744282169565,"max":180.00931914214493},"14":{"dtype":"number","min":403.8024807347398,"max":513.3901428341402},"15":{"dtype":"number","min":67.2468964691756,"max":263.7978235385761},"16":{"dtype":"number","min":215.64383065190296,"max":378.3957847268665},"17":{"dtype":"number","min":59.47107456073687,"max":265.3228652894729},"18":{"dtype":"number","min":408.81004481927897,"max":552.0314720539732},"19":{"dtype":"number","min":25.93800348066634,"max":350.2795267661722},"20":{"dtype":"number","min":168.6660469737962,"max":401.60845062612094},"21":{"dtype":"number","min":14.145189574720334,"max":349.4169551389227},"22":{"dtype":"number","min":345.4256857786661,"max":464.44859842382056},"23":{"dtype":"number","min":295.7857813259971,"max":349.37055654562863},"24":{"dtype":"number","min":305.96235104571986,"max":408.04908247773284},"25":{"dtype":"number","min":298.6792312800188,"max":352.1534604321194},"26":{"dtype":"number","min":354.01031286336104,"max":474.27900232693565},"27":{"dtype":"number","min":402.28907841188897,"max":509.7335322636111},"28":{"dtype":"number","min":288.08407557149803,"max":434.4460011641803},"29":{"dtype":"number","min":392.04898997503494,"max":514.0114810216288},"30":{"dtype":"number","min":334.32172604571986,"max":477.5865618635244},"31":{"dtype":"number","min":486.26088183213767,"max":571.1918978561223},"32":{"dtype":"number","min":294.5170634822623,"max":419.80302981365514},"33":{"dtype":"number","min":489.44699654783255,"max":566.3333913602718}},"outputs":{"0":{"dtype":"string","min":0,"max":1,"uniqueValues":["0","1"],"legend":{"0":[1,0],"1":[0,1]}}},"isNormalized":true}